Season,Opponent,Result,UNC Score,Opp Score,Ref 1,Ref 2,Ref 3,Point Spread
2019-20,Wake Forest,L,57,74,John Gaffney,Raymond Styons,Pat Driscoll,-1.5
2019-20,Duke,L,96,98,Ted Valentine,Brian Dorsey,Ron Groover,8
2019-20,Florida State,L,59,65,Jeffrey Anderson,Doug Shows,Mike Roberts,9.5
2019-20,Boston College,L,70,71,Jamie Luckie,Clarence Armstong,Matt Potter,-11.5
2019-20,NC State,W,75,65,Roger Ayers,Mike Eades,Bert Smith,5.5
2019-20,Miami ,W,94,71,Ron Groover,Michael Stephens,Pat Driscoll,-5.5
2019-20,Virginia Tech,L,77,79,Jeffrey Anderson,Tony Henderson,Tommy Morrissey,6.5
2019-20,Pittsburgh,L,52,66,Tim Clougherty,Keith Kimble,A.J. Desai,3.5
2019-20,Clemson,L,76,79,Bill Covington Jr.,Bert Smith,Jeff Pon,-3
2019-20,Pittsburgh,L,65,73,Roger Ayers,Mike Eades,Brent Hampton,-5
2019-20,Georgia Tech,L,83,96,Brian Dorsey,Lee Cassell,Sean Hull,-8.5
2019-20,Yale,W,70,67,Ted Valentine,A.J. Desai,Mark Schnur,-7
2019-20,UCLA,W,74,64,Roger Ayers,Keith Kimble,Terry Wymer,-4.5
2019-20,Gonzaga,L,81,94,Bert Smith,Randy McCall,Mike Reed,14
2019-20,Wofford,L,64,68,Mike Eades,A.J. Desai,Evan Burroughs,-12
2019-20,UVA,L,47,56,Ron Groover,Jamie Luckie,Bill Covington Jr.,3.5
2019-20,Ohio State,L,49,74,Ted Valentine,Pat Driscoll,Mike Eades,-4
2019-20,Oregon,W,78,74,Tony Padilla,Mike Roberts,Jeb Hartness,2.5
2019-20,Michigan,L,73,64,Gerry Pollard,Mike Roberts,Gary Maxwell,-3.5
2019-20,Alabama,W,76,67,Tony Padilla,Mike Reed,Chance Moore,-9.5
2019-20,Elon,W,75,61,Ron Groover,Bill Covington Jr.,Raymond Styons,-30.5
2019-20,Gardner Webb,W,77,61,Ted Valentine,Jeffrey Anderson,Trey Styons,-25.5
2019-20,UNC-Wilmington,W,78,62,Bill Covington Jr.,Jerry Heater,Mark Schnur,-19.5
2019-20,Notre Dame,W,76,65,Roger Ayers,Bert Smith,Ron Groover,-9.5
2018-19,Auburn,L,80,97,Michael Stephens,Gerry Pollard,Mike Reed,-4.5
2018-19,Washington,W,81,59,John Higgins,Ron Groover,Michael Irving,-12
2018-19,Iona,W,88,73,Don Daily,Todd Austin,Jose Carrion,-22.5
2018-19,Duke,L,73,74,Roger Ayers,Jamie Luckie,Clarence Armstrong,3.5
2018-19,Louisville,W,83,70,Ted Valentine,Lee Cassell,Tony Henderson,-6
2018-19,Duke,W,79,70,Roger Ayers,Ted Valentine,Bill Covington Jr.,-4.5
2018-19,Boston College,W,79,66,Jeff Clark,Brian O'Connell,James Breeding,-10.5
2018-19,Clemson,W,81,79,Ron Groover,Jeffrey Anderson,Clarence Armstrong,-4
2018-19,Syracuse,W,93,85,Jamie Luckie,Lee Cassell,Bill Covington Jr.,-11
2018-19,Florida State,W,77,59,Bert Smith,Michael Stephens,Brent Hampton,-7
2018-19,Duke,W,88,72,Mike Eades,Brian Dorsey,Ron Groover,9.5
2018-19,Wake Forest,W,95,57,A.J. Desai,Tim Clougherty,Brian O'Connell,-16.5
2018-19,UVA,L,61,69,Jeffrey Anderson,Doug Shows,James Breeding,0
2018-19,Miami ,W,88,85,Roger Ayers,Bill Covington Jr.,Tony Henderson,-16
2018-19,NC State,W,113,96,Michael Stephens,Jeff Clark,Brent Hampton,-10.5
2018-19,Louisville,W,79,69,Ted Valentine,Earl Walton,Bert Smith,-1.5
2018-19,Georgia Tech,W,77,54,Roger Ayers,Jeffrey Anderson,Pat Driscoll,-11
2018-19,Virginia Tech,W,103,82,Doug Shows,John Higgins,Terry Wymer,-4
2018-19,Miami,W,85,76,Bert Smith,Jeffrey Anderson,Brent Hampton,-6.5
2018-19,Notre Dame,W,75,69,Roger Ayers,Jamie Luckie,Ted Valentine,-13
2018-19,Louisville,L,62,83,Mike Eades,Bill Covington Jr.,Tony Henderson,-11
2018-19,NC State,W,90,82,Doug Sirmons,Kipp Kissinger,Don Daily,1.5
2018-19,Pittsburgh,W,85,60,Ted Valentine,Bert Smith,Paul Szelc,-10
2018-19,Harvard,W,77,57,Bill Covington Jr.,Sean Hull,Jeff Clark,-16.5
2018-19,Davidson,W,82,60,Mike Eades,Tony Henderson,Doug Sirmons,-14.5
2018-19,Kentucky,L,72,80,Ted Valentine,Chris Rastatter,Pat Evans,-2.5
2018-19,Gonzaga,W,103,90,Jeffrey Anderson,Jeff Clark,Bert Smith,-3.5
2018-19,UNC-Wilmington,W,97,69,Ron Groover,A.J. Desai,Tim Clougherty,-28
2018-19,Michigan,L,67,84,Terry Wymer,D.J. Carstensen,Courtney Green,3.5
2018-19,UCLA,W,94,78,Roger Ayers,Lee Cassell,Kelly Self,-10.5
2018-19,Texas,L,89,92,Roger Ayers,Mike Roberts,Kelly Self,-9
2018-19,St. Francis PA,W,101,76,Michael Stephens,Tim Clougherty,Lee Cassell,-27
2018-19,Tennessee Tech,W,108,58,Roger Ayers,Bert Smith,Jeremy Mosier,-35
2018-19,Stanford,W,90,72,John Higgins,Keith Kimble,Kipp Kissinger,-18
2018-19,Elon,W,116,67,Bill Covington Jr.,Raymond Styons,Jerry Heater,-17.5
2018-19,Wofford,W,78,67,Bert Smith,Glenn Tuitt,Evan Berg,-9.5
2017-18,Texas A&M,L,65,85,Pat Driscoll,Michael Irving,Eric Curry,-7
2017-18,Lipscomb,W,84,66,Lamont Simpson,Tony Henderson,Bill McCarthY,-22
2017-18,UVA,L,63,71,Jamie Luckie,Ron Groover,Tim Nestor,3.5
2017-18,Duke,W,74,69,Mike Eades,Ted Valentine,Bert Smith,4
2017-18,Miami,W,82,65,Ron Groover,Bill Covington,Raymond Styons,-6
2017-18,Syracuse,W,78,59,Roger Ayers,Clarence Armstong,Bert Smith,-7.5
2017-18,Duke,L,64,74,Roger Ayers,Mike Eades,Raymond Styons,7.5
2017-18,Miami,L,88,91,Ron Groover,Michael Stephens,James Breeding,-10
2017-18,Syracuse,W,78,74,Tim Nestor,Mike Stuart,Joe DeRosa,-4.5
2017-18,Louisville,W,93,76,Mike Eades,Ted Valentine,Jeffrey Anderson,-1
2017-18,Notre Dame,W,83,66,Roger Ayers,Michael Stephens,Doug Shows,-10
2017-18,NC State,W,96,89,James Breeding,Keith Kimble,Les Jones,-4
2017-18,Duke,W,82,78,Jeff Clark,Jamie Luckie,Ron Groover,-1.5
2017-18,Pittsburgh,W,96,65,Lee Cassell,Bert Smith,Don Daily,-23.5
2017-18,Clemson,L,78,82,Roger Ayers,John Higgins,Doug Sirmons,-2
2017-18,NC State,L,91,95,Mike Eades,Jamie Luckie,A.J. Desai,-12.5
2017-18,Virginia Tech,L,69,80,Michael Stephens,Mike Roberts,Doug Shows,-3.5
2017-18,Georgia Tech,W,80,66,Ted Valentine,Bill Covington Jr.,Jeb Hartness,-13.5
2017-18,Clemson,W,87,79,Mike Eades,Les Jones,Lee Cassell,-7.5
2017-18,Notre Dame,W,69,68,Jamie Luckie,Ed Corbett,John Gaffney,-5
2017-18,Boston College,W,96,66,John Higgins,Tim Nestor,Jeffrey Anderson,-14
2017-18,UVA,L,49,61,Roger Ayers,Les Jones,Pat Driscoll,4.5
2017-18,Florida State,L,80,81,Ted Valentine,Bill Covington Jr.,Brian O'Connell,1
2017-18,Wake Forest,W,73,69,Ron Groover,Tim Nestor,Lee Cassell,-14
2017-18,Ohio State,W,86,72,Tom Eades,Pat Evans,Roger Ayers,-7.5
2017-18,Wofford,L,75,79,Ted Valentine,Mike Eades,Bill Covington Jr.,-25
2017-18,Tennessee,W,78,73,Pat Adams,Don Daily,Jamie Luckie,1
2017-18,Western Carolina,W,104,61,Tim Clougherty,Jeb Hartness,Tony Greene,-32
2017-18,Tulane,W,97,73,Les Jones,Bert Smith,Tim Nestor,-20
2017-18,Davidson,W,85,75,Ted Valentine,Ron Groover,Lee Cassell,-10.5
2017-18,Michigan,W,86,71,Roger Ayers,Mike Eades,Pat Driscoll,-9
2017-18,Michigan State,L,45,63,Michael Stephens,Keith Kimble,Chris Rastatter,2
2017-18,Arkansas,W,87,68,Roger Ayers,Randy McCall,A.J. Desai,-4.5
2017-18,Portland,W,102,78,Ted Valentine,Brian Dorsey,Kelly Pfeifer,-26
2017-18,Stanford,W,96,72,David Hall,Keith Kimble,Randy McCall,-7
2017-18,Bucknell,W,93,81,Les Jones,Jeff Clark,Raymond Styons,
2017-18,Northern Iowa,W,86,69,Lee Cassell,Tim Comer,A.J. Desai,-15
2016-17,Gonzaga,W,71,65,Mike Eades,Verne Harris,Michael Stephens,-1
2016-17,Oregon,W,77,76,Tony Padilla,Ted Valentine,Ron Groover,-4
2016-17,Kentucky,W,75,73,John Higgins,Keith Kimble,Mike Reed,-2
2016-17,Butler,W,92,80,Doug Shows,Lamar Simpson,Joe Lindsay,-7
2016-17,Arkansas,W,72,65,Bo Boroski,Lamont Simpson,Darron George,-11.5
2016-17,Texas Southern,W,103,64,Mike Reed,Paul Faia,Les Jones,-26.5
2016-17,Duke,L,83,93,Brian Dorsey,Bill Covington Jr.,Ron Groover,-4
2016-17,Miami,W,78,53,Roger Ayers,Tim Nestor,Jerry Heater,-8.5
2016-17,Duke,W,90,83,Ron Groover,Tim Nestor,Les Jones,-7
2016-17,UVA,L,43,53,Mike Roberts,Doug Shows,Tony Chiazza,-3.5
2016-17,Pittsburgh,W,85,67,Mike Eades,James Breeding,Jeff Clark,-9
2016-17,Louisville,W,74,63,Ron Groover,Pat Driscoll,John Gaffney,-7.5
2016-17,UVA,W,65,41,Brian O'Connell,Tim Clougherty,Doug Sirmons,-6
2016-17,NC State,W,97,73,Les Jones,James Breeding,Bert Smith,-11
2016-17,Duke,L,78,86,Roger Ayers,Mike Eades,Mike Roberts,2.5
2016-17,Notre Dame,W,83,76,Jamie Luckie,Bill Covington Jr.,Clarence Armstrong,-9
2016-17,Pittsburgh,W,80,78,Ted Valentine,Lee Cassell,Lamar Simpson,-19
2016-17,Miami,L,62,77,Ron Groover,Sean Hull,John Gaffney,-5.5
2016-17,Virginia Tech,W,91,72,Mike Eades,Roger Ayers,Mike Roberts,-15.5
2016-17,Boston College,W,90,82,Ed Corbett,Tony Greene,Brian O'Connell,-18
2016-17,Syracuse,W,85,68,Ron Groover,John Gaffney,Doug Shows,-14.5
2016-17,Florida State,W,96,83,Roger Ayers,Lee Cassell,Tony Chiazza,-8.5
2016-17,Wake Forest,W,93,87,Mike Eades,Tim Comer,Brian O'Connell,-8.5
2016-17,NC State,W,107,56,Ron Groover,Keith Kimble,Matt Potter,-13
2016-17,Clemson,W,89,86,Tim Nestor,Lee Cassell,Jeff Clark,-2.5
2016-17,Georgia Tech,L,63,75,Brian Dorsey,Bill Covington Jr.,Tim Clougherty,-17
2016-17,Monmouth,W,102,74,Les Jones,Doug Sirmons,Jeb Hartness,-18.5
2016-17,Northern Iowa,W,85,42,Bert Smith,Lee Cassell,Brent Hampton,-18.5
2016-17,Kentucky,L,100,103,Roger Ayers,David Hall,Verne Harris,1
2016-17,Tennessee,W,73,71,Mike Eades,Jeff Clark,Doug Shows,-19.5
2016-17,Davidson,W,83,74,Ted Valentine,Ron Groover,Keith Kimble,-16
2016-17,Radford,W,95,50,Michael Stephens,Tim Nestor,Tim Clougherty,
2016-17,Indiana,L,67,76,Terry Wymer,Bo Boroski,Gene Steratore,-5.5
2016-17,Wisconsin,W,71,56,Ted Valentine,Chris Rastatter,Earl Walton,-4.5
2016-17,Oklahoma State,W,107,75,Ted Valentine,Tom Eades,Donnie Eppley,-9
2016-17,Chaminade,W,104,61,Chris Rastatter,Bob Staffen,Donnie Eppley,-31.5
2016-17,Hawai'i,W,83,68,Gregory Nixon,Tommy Nunez,Daryl Gelinas,-23
2016-17,Long Beach State,W,93,67,Roger Ayers,John Higgins,Les Jones,-21
2016-17,Chattanooga,W,97,57,Ted Valentine,Raymond Styons,Tim Comer,-15.5
2016-17,Tulane,W,95,75,John Hampton,Doug Sirmons,Jeb Hartness,-20
2015-16,Villanova,L,74,77,Michael Stephens,John Higgins,Terry Wymer,-2
2015-16,Syracuse,W,83,66,Mike Eades,Roger Ayers,Jeff Clark,-10
2015-16,Notre Dame,W,88,74,Michael Stephens,Ed Corbett,Tom Eades,-9.5
2015-16,Indiana,W,101,86,Pat Adams,Joe DeRosa,Lee Cassell,-5
2015-16,Providence,W,85,66,Doug Sirmons,John Gaffney,Eric Curry,-11
2015-16,Florida Gulf-Coast,W,83,67,Jeff Clark,Mike Greenstein,Donnie Eppley,-22.5
2015-16,UVA,W,61,57,Bryan Kersey,Mike Eades,Roger Ayers,-2.5
2015-16,Notre Dame,W,78,47,Les Jones,Brian Dorsey,Jerry Heater,-7
2015-16,Pittsburgh,W,88,71,Mike Eades,Sean Hull,Tim Comer,-7.5
2015-16,Duke,W,76,72,Roger Ayers,Tim Nestor,John Gaffney,-2.5
2015-16,Syracuse,W,75,70,Mike Eades,Jeffrey Anderson,Michael Stephens,-13
2015-16,UVA,L,74,79,Bryan Kersey,Joe Lindsay,Tim Clougherty,2.5
2015-16,NC State,W,80,68,Bryan Kersey,Jerry Heater,Pat Driscoll,-8
2015-16,Miami,W,96,71,John Gaffney,Sean Hull,Bill Covington Jr.,-7.5
2015-16,Duke,L,73,74,Mike Eades,Les Jones,Michael Stephens,-8.5
2015-16,Pittsburgh,W,85,64,Brian Dorsey,Bryan Kersey,Pat Driscoll,-10.5
2015-16,Boston College,W,68,65,Tim Comer,Jamie Luckie,Michael Stephens,-20.5
2015-16,Notre Dame,L,76,80,Roger Ayers,Jerry Heater,Tim Nestor,-2.5
2015-16,Louisville,L,65,71,Bryan Kersey,Mike Eades,Bill Covington Jr.,1.5
2015-16,Boston College,W,89,62,Brian Dorsey,Raymond Styons,Louie Andrakakos,-26.5
2015-16,Virginia Tech,W,75,70,Tim Nestor,Sean Hull,Brian O'Connell,-12.5
2015-16,Wake Forest,W,83,68,Jamie Luckie,Tim Comer,Tim Kelly,-19
2015-16,NC State,W,67,55,Mike Eades,Sean Hull,Terry Wymer,-15.5
2015-16,Syracuse,W,84,73,Earl Walton,Bryan Kersey,Roger Ayers,-7.5
2015-16,Florida State,W,106,90,Mike Eades,Terry Wymer,Mike Roberts,-3.5
2015-16,Georgia Tech,W,86,68,Brian Dorsey,Wally Rutecki,Clarence Armstrong,-14.5
2015-16,Clemson,W,80,69,Tim Nestor,Bill Covington Jr.,Tim Kelly,-15
2015-16,UNC-G,W,96,63,Les Jones,Jerry Heater,Roger Ayers,-27.5
2015-16,Appalachian State,W,94,70,Brian Dorsey,Bill McCarthy,Tony Greene,-32
2015-16,UCLA,W,89,76,Ed Corbett,Pat Driscoll,Lamar Simpson,-8
2015-16,Tulane,W,96,72,Louie Andrakakos,Doug Shows,Clarence Armstrong,-24.5
2015-16,Texas,L,82,84,Kelly Self,Michael Stephens,Pat Adams,-6.5
2015-16,Davidson,W,98,65,Bryan Kersey,Jerry Heater,Tim Clougherty,-15
2015-16,Maryland,W,89,81,Michael Stephens,Pat Driscoll,Mike Roberts,-7.5
2015-16,Kansas State,W,80,70,Pat Adams,Mark Whitehead,Ray Natili,-10.5
2015-16,Northwestern,W,80,69,Mike Stuart,Gerry Pollard,Don Daily,-11
2015-16,Northern Iowa,L,67,71,Mike Stuart,Gerry Pollard,Don Daily,-6.5
2015-16,Wofford,W,78,58,Tim Nestor,Louie Andrakakos,Andrew Marotta,-23
2015-16,Fairfield,W,92,65,Raymond Styons,Dwayne Gladden,Matt Potter,-24.5
2015-16,Temple,W,91,67,Michael Stephens,Lamar Simpson,Mike Roberts,-9.5
2014-15,Wisconsin,L,72,79,Randall McCall,Lamar Simpson,Brian O'Connell,6
2014-15,Arkansas,W,87,78,David Hall,Mike Roberts,Bert Smith,-5
2014-15,Harvard,W,67,65,Lee Cassell,Mike Sanzere,Jamie Luckie,-9.5
2014-15,Notre Dame,L,82,90,Bryan Kersey,Mike Eades,Brian Dorsey,-3.5
2014-15,UVA,W,71,67,Roger Ayers,Raymond Styons,Jerry Heater,4.5
2014-15,Louisville,W,70,60,Mike Eades,Tim Nestor,Bill Covington Jr.,-2.5
2014-15,Boston College,W,81,63,Tim Nestor,Sean Hull,Tim Kelly,-12
2014-15,Duke,L,77,84,Bryan Kersey,Brian Dorsey,Sean Hull,-1
2014-15,Georgia Tech,W,81,49,Mike Eades,Mike Roberts,Lamar Simpson,-5.5
2014-15,Miami,W,73,64,Tim Comer,Jamie Luckie,Wally Rutecki,-1
2014-15,NC State,L,46,58,Bryan Kersey,Mike Stuart,Raymond Styons,-9.5
2014-15,Georgia Tech,W,89,60,Bryan Kersey,Sean Hull,Sean Casady,-11.5
2014-15,Duke,L,90,92,Roger Ayers,Pat Driscoll,Tim Nestor,8.5
2014-15,Pittsburgh,L,76,89,Tim Clougherty,Jerry Heater,Michael Stephens,-3.5
2014-15,Boston College,W,79,68,Louie Andrakakos,Dwayne Gladden,Jerry Heater,-9.5
2014-15,UVA,L,64,75,Jamie Luckie,Mike Roberts,Pat Driscoll,1
2014-15,Louisville,L,68,78,Brian Dorsey,Bill Covington Jr.,Lamar Simpson,5
2014-15,Syracuse,W,93,83,Bryan Kersey,Brian Dorsey,Joe Lindsay,-10
2014-15,Florida State,W,78,74,Brian O'Connell,Jerry Heater,Terry Wymer,-15.5
2014-15,Wake Forest,W,87,71,Roger Ayers,Jeffrey Anderson,Michael Stephens,-8
2014-15,Virginia Tech,W,68,53,Pat Driscoll,Joe Lindsay,Mike Stuart,-21.5
2014-15,NC State,W,81,79,Jamie Luckie,Brian Dorsey,Tim Nestor,-4.5
2014-15,Louisville,W,72,71,Roger Ayers,Sean Hull,Mike Roberts,-3
2014-15,Notre Dame,L,70,71,Bryan Kersey,Doug Shows,Joe Lindsay,-8
2014-15,Clemson,W,74,50,Mike Eades,Tony Greene,Sean Casady,-6.5
2014-15,William & Mary,W,86,64,Jamie Luckie,Louie Andrakakos,Andrew Marotta,-18
2014-15,UAB,W,89,58,Bryan Kersey,Les Jones,Michael Stephens,-24.5
2014-15,Ohio State,W,82,74,Roger Ayers,Doug Shows,Michael Stephens,-1
2014-15,UNC-G,W,79,56,Gary Maxwell,Dwayne Gladden,Todd Austin,-22
2014-15,Kentucky,L,70,84,Tony Greene,Pat Adams,Doug Shows,13
2014-15,East Carolina,W,108,64,Roger Ayers,Bill Covington Jr.,Lamar Simpson,-23.5
2014-15,Iowa,L,55,60,Brian Dorsey,Tim Nestor,Mike Roberts,-7.5
2014-15,Florida,W,75,64,Gary Maxwell,Don Daily,Bert Smith,-5.5
2014-15,UCLA,W,78,56,Gary Maxwell,Darron George,Keith Kimble,-5
2014-15,Butler,L,66,74,Mike Roberts,Don Daily,Jeb Hartness,-9
2014-15,Davidson,W,90,72,Bryan Kersey,Mike Eades,Doug Shows,-13.5
2014-15,Robert Morris,W,103,59,Joe Lindsay,Anthony Franklin,Wally Rutecki,-21
2014-15,NC Central,W,76,60,Raymond Styons,Tim Nestor,Jeff Nichols,-17
2013-14,Iowa State,L,83,85,Tony Greene,Chris Rastatter,Bo Boroski,1.5
2013-14,Providence,W,79,77,Chris Rastatter,Bo Boroski,Kevin Brill,-4.5
2013-14,Pittsburgh,L,75,80,Karl Hess,Raymond Styons,Brian Dorsey,0
2013-14,Duke,L,81,93,Karl Hess,Mike Eades,Ray Natili,9.5
2013-14,Notre Dame,W,63,61,Bryan Kersey,Michael Stephens,Mike Stuart,-12
2013-14,Virginia Tech,W,60,56,Jamie Luckie,Tim Nestor,Lamar Simpson,-10.5
2013-14,NC State,W,85,84,Les Jones,Brian Dorsey,Doug Shows,-4
2013-14,Wake Forest,W,105,72,Les Jones,Ray Natili,Dwayne Gladden,-14
2013-14,Duke,W,74,66,Bryan Kersey,Pat Driscoll,Ed Corbett,2
2013-14,Florida State,W,81,75,Brian Dorsey,Tony Greene,Brian O'Connell,-1.5
2013-14,Pittsburgh,W,75,71,Karl Hess,Raymond Styons,Tim Kelly,-3
2013-14,Notre Dame,W,73,62,Mike Eades,Brian O'Connell,Jerry Heater,-1.5
2013-14,Maryland,W,75,63,Karl Hess,Michael Stephens,Mike Stuart,-8
2013-14,NC State,W,84,70,Bryan Kersey,Joe Lindsay,Raymond Styons,-9.5
2013-14,Georgia Tech,W,78,65,Brian Dorsey,Sean Hull,Tony Henderson,-4.5
2013-14,Clemson,W,80,61,Karl Hess,Jamie Luckie,Tim Nestor,-7.5
2013-14,UVA,L,61,76,Roger Ayers,Joe Lindsay,Michael Stephens,7
2013-14,Boston College,W,82,71,Tim Nestor,Tim Comer,Bill Covington Jr.,-11.5
2013-14,Syracuse,L,45,57,Roger Ayers,Tony Greene,Ed Corbett,8.5
2013-14,Miami,L,57,63,Bryan Kersey,Brian Dorsey,Gary Maxwell,-10.5
2013-14,Wake Forest,L,67,73,Mike Eades,Mike Roberts,Doug Shows,-6.5
2013-14,UNC-Wilmington,W,84,51,Tim Nestor,Sean Casady,Jeff Nichols,-21
2013-14,NKU,W,75,60,Mike Eades,Sean Hull,Terry Wymer,-27.5
2013-14,Davidson ,W,87,85,Tim Nestor,Jeff Nichols,Raymond Styons,-18
2013-14,Texas,L,83,86,Karl Hess,Les Jones,Bryan Kersey,-10.5
2013-14,Kentucky,W,82,77,Roger Ayers,Mike Eades,Joe Lindsay,-3
2013-14,UNC-G,W,81,50,Les Jones,Mike Roberts,Sean Casady,-26.5
2013-14,Michigan State,W,79,65,Terry Wymer,Lamont Simpson,Pat Driscoll,10
2013-14,UAB,L,59,63,Don Daily,Kevin Fehr,Ron Groover,-7.5
2013-14,Louisville,W,93,84,Bryan Kersey,Brian O'Connell,Brian Dorsey,10
2013-14,Richmond,W,82,72,Bryan Kersey,Ron Tyburski,Gary Pucino,-8
2013-14,Belmont,L,80,83,Les Jones,Louie Andrakakos,Alan Spainhour,-14
2013-14,Holy Cross,W,62,54,Brian Dorsey,Sean Hull,Jeffrey Anderson,-21.5
2013-14,Oakland,W,84,61,Bryan Kersey,Jeremy Moiser,Alan Spainhour,-16.5
2012-13,Kansas,L,58,70,Pat Adams,Mike Kitts,Mike Greenstein,6.5
2012-13,Villanova,W,78,71,Pat Adams,Mike Greenstein,Deron White,-5
2012-13,Miami,L,77,87,Bryan Kersey,Mike Eades,Roger Ayers,1
2012-13,Maryland,W,79,76,Karl Hess,Brian Dorsey,Ray Natili,-4.5
2012-13,Florida State,W,83,62,Karl Hess,Gary Maxwell,Raymond Styons,-9
2012-13,Duke,L,53,69,Roger Ayers,Les Jones,Tim Nestor,-2
2012-13,Maryland,W,79,68,Doug Sirmons,Mike Eades,Joe Lindsay,1
2012-13,Florida State,W,79,58,Ray Natili,Jamie Luckie,Bryan Kersey,-12
2012-13,Clemson,W,68,59,Karl Hess,Les Jones,Ed Corbett,-4
2012-13,NC State,W,76,65,Ray Natili,Doug Sirmons,Gary Maxwell,-6.5
2012-13,Georgia Tech,W,70,58,Jamie Luckie,John Cahill,Roger Ayers,-3.5
2012-13,UVA,W,93,81,Les Jones,Tim Kelly,Jerry Heater,-5
2012-13,Duke,L,68,73,Karl Hess,Mike Eades,Bryan Kersey,10.5
2012-13,Miami,L,61,87,Jamie Luckie,Tim Nestor,Gary Maxwell,7.5
2012-13,Wake Forest,W,87,62,Les Jones,Brian Dorsey,Ed Corbett,-14.5
2012-13,Virginia Tech,W,72,60,Ray Natili,Tim Nestor,Jerry Heater,-14.5
2012-13,Boston College,W,82,70,Karl Hess,Michael Stephens,Ed Corbett,-4
2012-13,NC State,L,83,91,Mike Eades,Mike Stuart,Raymond Styons,4
2012-13,Georgia Tech,W,79,63,Doug Sirmons,Gary Maxwell,Tim Kelly,-11
2012-13,Maryland,W,62,52,Karl Hess,Ray Natili,Tim Nestor,-5.5
2012-13,Florida State,W,77,72,Bryan Kersey,Roger Ayers,Mike Eades,3
2012-13,Miami,L,59,68,Les Jones,Michael Stephens,Joe Lindsay,-4
2012-13,UVA,L,52,61,Karl Hess,Doug Sirmons,John Cahill,3
2012-13,UNLV,W,79,73,Karl Hess,Ray Natili,Les Jones,-2
2012-13,McNeese State,W,97,63,Brian Dorsey,Jerry Heater,Dwayne Gladden,-25
2012-13,Texas,L,67,85,Mark Whitehead,Doug Sirmons,Mike Stuart,-4.5
2012-13,East Carolina,W,93,87,Karl Hess,Bryan Kersey,Jeff Nichols,-16.5
2012-13,East Tenn. St.,W,78,55,Gary Maxwell,Brian Shey,Alan Spainhour,
2012-13,UAB,W,102,84,Les Jones,Bill Covington Jr.,Alan Spainhour,-17
2012-13,Indiana,L,59,83,Mike Kitts,Pat Driscoll,Bo Boroski,11
2012-13,Chaminade,W,112,70,Pat Adams,Bert Smith,Kevin Ferguson,-21.5
2012-13,Butler,L,71,82,Tim Higgins,Pat Adams,Pat Driscoll,-9
2012-13,Mississippi State,W,95,49,Jim Burr,Pat Driscoll,Ryan Wells,-19
2012-13,Long Beach State,W,78,63,Dick Cartmell,Mike Scyphers,Mike Irving,-11.5
2012-13,Florida Atlantic,W,70,56,Bryan Kersey,Raymond Styons,Andrew Marotta,-20
2012-13,Gardner Webb,W,76,59,Alan Spainhour,Anthony Franklin,Ron Tyburski,
2011-12,Kansas,L,67,80,Tony Greene,Doug Shows,James Breeding,2
2011-12,Ohio,W,73,65,Tom Eades,Don Daily,Kelly Self,-10.5
2011-12,Creighton,W,87,73,Pat Driscoll,Mike Stuart,Tom O'Neill,-8.5
2011-12,Vermont,W,77,58,David Hall,Bill McCarthy,Lee Cassell,-16
2011-12,Florida State,L,82,85,Les Jones,Roger Ayers,Bryan Kersey,-6
2011-12,NC State,W,69,67,Ray Natili,Tim Nestor,Brian Dorsey,-9.5
2011-12,Maryland,W,85,69,Roger Ayers,Sean Hull,Ray Natili,-14.5
2011-12,Duke,W,88,70,Karl Hess,Roger Ayers,Mike Eades,-2
2011-12,Maryland,W,88,64,Brian Dorsey,Tim Kelly,Jeff Clark,-18.5
2011-12,UVA,W,54,51,Tim Nestor,Joe Lindsay,Dwayne Gladden,-3.5
2011-12,NC State,W,86,74,Roger Ayers,Sean Corbin,Ed Corbett,-7
2011-12,Clemson,W,74,52,Les Jones,Jim Burr,Dwayne Gladden,-11.5
2011-12,Miami,W,73,64,Bryan Kersey,Brian Dorsey,Raymond Styons,-5
2011-12,UVA,W,70,52,Sean Hull,Tim Kelly,Jamie Luckie,-9
2011-12,Duke,L,84,85,Bryan Kersey,Tim Nestor,John Cahill,-6
2011-12,Maryland,W,83,74,Les Jones,Sean Corbin,Sean Hull,-12
2011-12,Wake Forest,W,68,53,Bryan Kersey,Brian O'Connell,Michael Stephens,-16.5
2011-12,Georgia Tech,W,93,81,Jamie Luckie,Roger Ayers,Ray Perone,-20.5
2011-12,NC State,W,74,55,Karl Hess,Ray Natili,Doug Sirmons,-13
2011-12,Virginia Tech,W,82,68,Bryan Kersey,Roger Ayers,John Cahill,-6.5
2011-12,Florida State,L,57,90,Jamie Luckie,Mike Eades,Sean Corbin,-6
2011-12,Miami,W,73,56,Bryan Kersey,Les Jones,Tim Kelly,-16.5
2011-12,Boston College,W,83,60,Roger Ayers,Tim Nestor,Raymond Styons,-30
2011-12,Monmouth,W,102,65,Sean Corbin,Bill Covington Jr.,Alan Spainhour,-39.5
2011-12,Elon,W,100,62,Brian O'Connell,Gary Maxwell,John Gaffney,-31
2011-12,Texas,W,82,63,Jamie Luckie,Roger Ayers,Joe Lindsay,-10
2011-12,Nicholls State,W,99,49,Jeff Clark,Tony Dawkins,Sean Casady,-38.5
2011-12,Appalachian State,W,97,82,Raymond Styons,Ron Groover,Jeff Nichols,-28.5
2011-12,Long Beach State,W,84,78,Mike Eades,Brian O'Connell,Louie Andrakakos,-15.5
2011-12,Evansville,W,97,48,Jerry Heater,Dwayne Gladden,John Gaffney,-24
2011-12,Kentucky,L,72,73,Tony Greene,Mike Nance,Ron Groover,6.5
2011-12,Wisconsin,W,60,57,Karl Hess,Ed Corbett,Tony Greene,-7
2011-12,UNLV,L,80,90,Tom O'Neill,Jon Stigliano,Pic Russell,-8
2011-12,South Carolina,W,87,62,Tom O'Neill,Jon Stigliano,Mark Schnur,-18.5
2011-12,Tennessee State,W,102,69,Roger Ayers,Dwayne Gladden,Ron Tyburski,-25.5
2011-12,Mississippi Valley St.,W,101,75,Raymond Styons,Andrew Marotta,Tim Kelly,
2011-12,Asheville,W,91,75,Tom Comer,Mike Eades,Jerry Heater,-17.5
2011-12,Michigan State,W,67,55,Mike Reed,Tony Greene,James Breeding,-8.5
2010-11,Kentucky,L,69,76,Pat Driscoll,Randy McCall,Verne Harris,1.5
2010-11,Marquette,W,81,63,Mark Whitehead,Joe DeRosa,Tony Padilla,-4
2010-11,Washington,W,86,83,Doug Shows,Steve Olson,Don Daily,-4
2010-11,LIU,W,102,87,Doug Shows,Ed Hightower,Lamont Simpson,-18.5
2010-11,Duke,L,58,75,Karl Hess,Bryan Kersey,Jamie Luckie,4.5
2010-11,Clemson,W,92,87,Les Jones,Roger Ayers,Tim Nestor,-5
2010-11,Miami,W,61,59,Roger Ayers,Ray Natili,Sean Corbin,-9.5
2010-11,Duke,W,81,67,Mike Eades,Ray Natili,Les Jones,-1.5
2010-11,Florida State,W,72,70,Bryan Kersey,Jamie Luckie,Brian Dorsey,-2.5
2010-11,Maryland,W,87,76,Karl Hess,Ray Natili,John Cahill,-6.5
2010-11,NC State,W,75,63,Mike Kitts,Michael Stephens,Sean Corbin,-6
2010-11,Boston College,W,48,46,Roger Ayers,Mike Eades,Brian Dorsey,-12
2010-11,Wake Forest,W,78,64,Karl Hess,Ray Natili,Michael Stephens,-22.5
2010-11,Clemson,W,64,62,Mike Kitts,Sean Corbin,John Cahill,2
2010-11,Duke,L,73,79,Bryan Kersey,Roger Ayers,Joe Lindsay,10.5
2010-11,Florida State,W,89,69,Jim Burr,Michael Stephens,Pat Driscoll,-6.5
2010-11,Boston College,W,106,74,Jamie Luckie,Sean Hull,Michael Stephens,-2.5
2010-11,NC State,W,84,64,Bryan Kersey,Les Jones,Tim Nestor,-10.5
2010-11,Miami,W,74,71,Ray Natili,Brian Dorsey,Tim Kelly,-2
2010-11,Clemson,W,75,65,Mike Eades,John Cahill,Ed Corbett,-5.5
2010-11,Georgia Tech,L,58,78,Karl Hess,Roger Ayers,Joe Lindsay,-6
2010-11,Virginia Tech,W,64,61,Bryan Kersey,Sean Hull,Ed Corbett,-5.5
2010-11,UVA,W,62,56,Les Jones,Mike Eades,Tim Nestor,-6.5
2010-11,St. Francis PA,W,103,54,Ray Natili,Tim Nestor,Louie Andrakakos,
2010-11,Rutgers,W,78,55,Robert Donato,Roger Ayers,Ed Corbett,-7.5
2010-11,William & Mary,W,85,60,John Cahill,Sean Hull,Sean Corbin,-20
2010-11,Texas,L,76,78,Karl Hess,Bryan Kersey,Les Jones,-3.5
2010-11,Long Beach State,W,96,91,Tim Nestor,Sean Corbin,Tim Kelly,-19.5
2010-11,Evansville,W,76,49,Mike Stuart,Tom Eades,Les Jones,-9
2010-11,Kentucky,W,75,73,Roger Ayers,Mike Eades,Jamie Luckie,1
2010-11,Illinois,L,67,79,Mike Kitts,Terry Wymer,Lamont Simpson,6
2010-11,College of Charleston,W,74,69,Karl Hess,Les Jones,Jerry Heater,-14
2010-11,Asheville,W,80,69,Mike Eades,Tim Comer,Dan Stryffeler,
2010-11,Vanderbilt,L,65,72,Jamie Luckie,Randy Heimerman,Kevin Mathis,-4
2010-11,Minnesota,L,67,72,Don Daily,Bert Smith,Steve Skiles,-6
2010-11,Hofstra,W,107,63,Kelly Self,Kevin Mathis,Anthony Jordan,-14.5
2010-11,Lipscomb,W,80,66,Ray Natili,Tony Dawkins,Sean Casady,
2009-10,Dayton,L,68,79,Jim Burr,Pat Driscoll,Earl Walton,3
2009-10,Rhode Island ,W,68,67,Ed Corbett,Jeff Clark,James Breeding,1
2009-10,UAB,W,60,55,Mike Stuart,James Barker,Bert Smith,4.5
2009-10,Mississippi State,W,76,74,Mike Thibodeaux,Kevin Mathis,Glenn Tuitt,7.5
2009-10,William & Mary,W,80,72,Karl Hess,Brian O'Connell,Wally Rutecki,-9
2009-10,Georgia Tech,L,58,62,Bryan Kersey,Mike Wood,Dwayne Gladden,3.5
2009-10,Duke,L,50,82,Bryan Kersey,Gary Maxwell,Mike Wood,15
2009-10,Miami,W,69,62,Karl Hess,Tony Greene,Les Jones,-4.5
2009-10,Wake Forest,W,77,68,Roger Ayers,Raymond Styons,Jamie Luckie,7
2009-10,Florida State,L,67,77,Karl Hess,Bryan Kersey,Ray Natili,2
2009-10,Boston College,L,67,71,Jamie Luckie,Sean Hull,Pat Driscoll,3
2009-10,Georgia Tech,L,51,68,Bryan Kersey,Gary Maxwell,John Cahill,6
2009-10,NC State,W,74,61,Mike Eades,Mike Stuart,Tim Nestor,-7
2009-10,Duke,L,54,64,Karl Hess,Les Jones,Roger Ayers,5.5
2009-10,Maryland,L,71,92,Karl Hess,Jim Burr,Bryan Kersey,6
2009-10,Virginia Tech,L,70,74,John Cahill,Mike Kitts,Tony Greene,3.5
2009-10,UVA,L,60,75,Mike Eades,Bernard Clinton,Brian Dorsey,-8
2009-10,NC State,W,77,63,Les Jones,Ray Natili,Robert Donato,-1
2009-10,Wake Forest,L,69,82,Karl Hess,Gary Maxwell,Mike Eades,-6.5
2009-10,Georgia Tech,L,71,73,Mike Wood,Roger Ayers,Ray Perone,-6.5
2009-10,Clemson,L,64,83,Les Jones,Bryan Kersey,Tim Nestor,5
2009-10,Virginia Tech,W,78,64,Jamie Luckie,Ray Natili,Mike Kitts,-8
2009-10,College of Charleston ,L,79,82,Mike Wood,Mike Stuart,Roger Ayers,-13.5
2009-10,Albany,W,87,70,Mike Eades,Tim Nestor,Ray Perone,-25.5
2009-10,Rutgers,W,81,67,Jamie Luckie,Sean Hull,Mike Kitts,-20
2009-10,Marshall,W,98,61,Gary Maxwell,Doug Sirmons,Jerry Heater,-13
2009-10,Texas,L,90,103,Tom O'Neill,John Higgins,Mark Whitehead,7
2009-10,Presbyterian,W,103,64,Mike Wood,Ray Natili,Tony Dawkins,
2009-10,Kentucky,L,66,68,Tony Greene,Ted Valentine,Mike Eades,3.5
2009-10,Michigan State,W,89,82,Bryan Kersey,Roger Ayers,Mike Kitts,-1.5
2009-10,Nevada,W,80,73,Jamie Luckie,Ed Corbett,John Cahill,-15
2009-10,Gardner Webb,W,93,72,Mike Wood,Bernard Clinton,Jerry Heater,
2009-10,Syracuse,L,71,87,Tony Greene,Roger Ayers,Mike Stuart,-1.5
2009-10,Ohio State,W,77,73,Pat Driscoll,Mike Stuart,Michael Stephens,-2
2009-10,Valparaiso,W,88,77,Karl Hess,Brent Hampton,Pat Adams,-23
2009-10,NC Central,W,89,42,Tim Nestor,Alan Spainhour,Steve Coleman,-43.5
2009-10,FIU,W,88,72,Mike Wood,Raymond Styons,Bill Covington Jr.,-32.5
2008-09,Michigan State,W,89,72,Tom O'Neill,Curtis Shaw,Tony Greene,-7.5
2008-09,Villanova,W,83,69,Karl Hess,Scott Thornley,Pat Driscoll,-7
2008-09,Oklahoma,W,72,60,Tom Eades,Verne Harris,John Hughes,-7
2008-09,Gonzaga,W,98,77,Scott Thornley,John Higgins,Mark Whitehead,-7.5
2008-09,LSU,W,84,70,Karl Hess,Pat Driscoll,Doug Sirmons,-12.5
2008-09,Radford,W,101,58,Pat Driscoll,Doug Sirmons,Jeffrey Anderson,-25
2008-09,Florida State,L,70,73,Jamie Luckie,Bryan Kersey,Sean Hull,-9
2008-09,Virginia Tech,W,79,76,Karl Hess,Ray Natili,Brian Dorsey,-11.5
2008-09,Duke,W,79,71,Jamie Luckie,Bryan Kersey,Mike Eades,-8.5
2008-09,Virginia Tech,W,86,78,Ed Corbett,Sean Hull,Ray Natili,-9.5
2008-09,Georgia Tech,W,104,74,Karl Hess,Les Jones,Roger Ayers,-23
2008-09,Maryland,L,85,88,Karl Hess,Gary Maxwell,Brian Dorsey,-12
2008-09,NC State,W,89,80,Jamie Luckie,Ed Corbett,Mike Eades,-19.5
2008-09,Miami,W,69,65,John Cahill,Sean Hull,Mike Kitts,-8
2008-09,Duke,W,101,87,Karl Hess,Tony Greene,Mike Wood,-2
2008-09,UVA,W,76,61,Bernard Clinton,Ray Natili,Robert Donato,-24
2008-09,Maryland,W,108,91,John Cahill,Roger Ayers,Tony Greene,-22
2008-09,NC State,W,93,76,Karl Hess,Mike Eades,Brian Dorsey,-15
2008-09,Florida State,W,80,77,Karl Hess,Mike Eades,Brian Dorsey,-11
2008-09,Clemson,W,94,70,Karl Hess,Roger Ayers,Robert Donato,-13
2008-09,Miami,W,82,65,Les Jones,Mike Wood,Mike Eades,-17.5
2008-09,UVA,W,83,61,Ed Corbett,John Cahill,Tony Greene,-16.5
2008-09,Wake Forest,L,89,92,Karl Hess,Bernard Clinton,Jamie Luckie,-6.5
2008-09,College of Charleston,W,108,70,Karl Hess,Les Jones,Bryan Kersey,-27
2008-09,Boston College,L,78,85,Gary Maxwell,Mike Eades,Robert Donato,-23
2008-09,Nevada,W,84,61,Randy McCall,Verne Harris,Bruce Hicks,-18.5
2008-09,Rutgers,W,97,75,Jamie Luckie,Sean Hull,Robert Donato,-33
2008-09,Valparaiso,W,85,63,Brian Dorsey,Jim Ferrari,Peter Juzenas,-29
2008-09,Evansville,W,91,73,Karl Hess,Bryan Kersey,Mark Schnur,-30.5
2008-09,Oral Roberts,W,100,84,Jamie Luckie,Mike Wood,Brian Dorsey,-36
2008-09,Michigan State,W,98,63,Ed Hightower,Jim Burr,Steve Welmer,-10
2008-09,Asheville,W,116,48,Ray Natili,Tony Greene,Mike Nance,
2008-09,Notre Dame,W,102,87,Jamie Luckie,Robert Donato,Verne Harris,-10.5
2008-09,Oregon,W,98,69,Mike Kitts,J.D. Collins,Bert Smith,-17.5
2008-09,Chaminade,W,115,70,Dwayne Gladden,Tom Defelice,Verne Harris,
2008-09,UC Santa Barbara,W,84,67,Dick Cartmell,Mike Scyphers,Duane Allen,-19
2008-09,Kentucky,W,77,58,Karl Hess,Gary Maxwell,Roger Ayers,-18.5
2008-09,Penn,W,86,71,Bryan Kersey,Jeff Clark,Tim Kelly,-32.5
2007-08,Kansas,L,66,84,Tony Greene,Tom Eades,Verne Harris,-2.5
2007-08,Louisville,W,83,73,Ed Corbett,Scott Thornley,Terry Wymer,-5.5
2007-08,Washington State,W,68,47,Tim Higgins,John Hughes,Raymond Perone,-8
2007-08,Arkansas,W,108,77,Ed Corbett,Verne Harris,Dwayne Gladden,-9.5
2007-08,Mount St. Mary's,W,113,74,Paul Jenssen,Fred Davis,Gary Prager,-25
2007-08,Clemson,W,86,81,Jamie Luckie,Les Jones,Mike Eades,-5.5
2007-08,Virginia Tech,W,68,66,Karl Hess,Bryan Kersey,Gary Maxwell,-10.5
2007-08,Florida State,W,82,70,Bryan Kersey,Tim Nestor,Roger Ayers,-13.5
2007-08,Duke,W,76,68,Karl Hess,Ted Valentine,Roger Ayers,1.5
2007-08,Florida State,W,90,77,Bryan Kersey,Mike Eades,Sean Hull,-16
2007-08,Boston College,W,90,80,Jamie Luckie,Gary Maxwell,Roger Ayers,-10.5
2007-08,Wake Forest,W,89,73,Les Jones,Robert Donato,Reggie Greenwood,-15.5
2007-08,NC State,W,84,70,Roger Ayers,John Cahill,J.D. Collins,-8.5
2007-08,Virginia Tech,W,92,53,Sean Hull,Brian Dorsey,Ray Perone,-13
2007-08,UVA,W,75,74,Karl Hess,Ed Corbett,Tim Nestor,-7.5
2007-08,Clemson,W,103,93,Ted Valentine,Bernard Clinton,Tony Greene,-8.5
2007-08,Duke,L,78,89,Jamie Luckie,Tony Greene,Les Jones,-4.5
2007-08,Florida State ,W,84,73,Mike Eades,Tim Nestor,Mike Stuart,-9.5
2007-08,Boston College,W,91,69,Mike Wood,Curtis Shaw,Tony Greene,-18.5
2007-08,Miami,W,98,82,Sean Hull,Ray Natili,Tim Kelly,-8
2007-08,Maryland,L,80,82,Karl Hess,Jamie Luckie,Brian Dorsey,-18
2007-08,Georgia Tech,W,83,82,Mike Wood,Mike Eades,Roger Ayers,-11
2007-08,NC State,W,93,62,Bryan Kersey,Bernard Clinton,Pat Driscoll,-18.5
2007-08,Asheville,W,93,81,Les Jones,Raymond Styons,Doug Sirmons,
2007-08,Clemson,W,90,88,Gary Maxwell,Tony Greene,Ray Natili,-5.5
2007-08,Kent State,W,90,61,Sean Hull,Tim Nestor,Mike Kitts,-19
2007-08,Valparaiso,W,90,58,Gary Maxwell,Brian Dorsey,Mike Eades,-22.5
2007-08,Nevada,W,106,70,Karl Hess,Mike Wood,Roger Ayers,-23
2007-08,UC Santa Barbara,W,105,70,Ted Valentine,Bryan Kersey,Jerry Heater,-20.5
2007-08,Nicholls State,W,88,78,Les Jones,Jose Carrion,Brian Dorsey,
2007-08,Rutgers,W,93,71,Ed Corbett,Jamie Luckie,J.D. Collins,-19
2007-08,Penn,W,106,71,Jeff Clark,Jeff Nichols,Tim Kelly,-25.5
2007-08,Kentucky,W,86,77,Mike Stuart,Tom Eades,Karl Hess,-8.5
2007-08,Ohio State,W,66,55,Ted Hillary,Jim Burr,Ed Corbett,-5.5
2007-08,BYU,W,73,63,David Libbey,Tom Spitznagel,Kevin Cutler,-8
2007-08,Old Dominion,W,99,82,Verne Harris,Mike Reed,Mike Scyphers,-16.5
2007-08,South Carolina State,W,110,64,D.J. Carstensen,Frankie Bordeaux,Jay Gwynn,
2007-08,Iona,W,107,72,John Gaffney,Paul Faia,Earl Walton,-34
2007-08,Davidson,W,72,68,Mike Wood,Zelton Steed,Gary Maxwell,-11
2006-07,Georgetown ,L,84,96,Curtis Shaw,Mike Scyphers,John Higgins,-3.5
2006-07,USC,W,74,64,Tom Lopes,Mike Sanzere,Mike Roberts,-9
2006-07,Michigan State,W,81,67,Randy McCall,Pat Driscoll,Doug Sirmons,-10
2006-07,EKU,W,86,65,Verne Harris,Bruce Hicks,Steve Welmer,-28
2006-07,NC State,W,89,80,Karl Hess,Bryan Kersey,Gary Maxwell,-14.5
2006-07,Boston College,W,71,56,Les Jones,Jamie Luckie,Mike Eades,-11
2006-07,Florida State,W,73,58,Mike Wood,Les Jones,Roger Ayers,-11.5
2006-07,Duke,W,86,72,Karl Hess,Jamie Luckie,Les Jones,-10
2006-07,Georgia Tech,L,77,84,Tony Greene,Curtis Shaw,Bryan Kersey,-5.5
2006-07,Maryland,L,87,89,Gary Maxwell,Tom Lopes,Karl Hess,-3.5
2006-07,NC State,W,83,64,Bryan Kersey,Mike Eades,Pat Adams,-21
2006-07,Boston College,W,77,72,Karl Hess,Earl Walton,Ray Natili,-6.5
2006-07,Virginia Tech,L,80,81,Jamie Luckie,J.B. Caldwell,Curtis Shaw,-15
2006-07,Wake Forest,W,104,67,Les Jones,Roger Ayers,Bernard Clinton,-23.5
2006-07,Duke,W,79,73,Ted Valentine,Gary Maxwell,Reggie Greenwood,-4
2006-07,NC State,L,79,83,Bryan Kersey,Ray Natili,Curtis Shaw,-16.5
2006-07,Miami,W,105,64,Karl Hess,Mike Kitts,Robert Donato,-24.5
2006-07,Arizona,W,92,64,Bryan Kersey,Mike Eades,Mike Wood,-2.5
2006-07,Wake Forest,W,88,60,Gary Maxwell,John Cahill,Brian Dorsey,-15.5
2006-07,Georgia Tech,W,77,61,Ted Valentine,Les Jones,Ray Natili,-12.5
2006-07,Clemson,W,77,55,Mike Eades,Roger Ayers,Duke Edsall,-4
2006-07,Virginia Tech,L,88,94,Mike Wood,Ray Natili,Sean Hull,-4.5
2006-07,UVA,W,79,69,Mark Kitts,Curtis Shaw,Earl Walton,-18
2006-07,Florida State,W,84,58,Ted Valentine,Mike Eades,Gary Maxwell,-15
2006-07,Penn,W,102,64,Jamie Luckie,Roger Ayers,Earl Walton,-21
2006-07,Dayton,W,81,51,Karl Hess,Mike Eades,Brian Dorsey,-22
2006-07,Rutgers,W,87,48,Karl Hess,Bernard Clinton,Michael Stephens,-26.5
2006-07,Saint Louis,W,69,48,Robert Donato,Jim Burr,Ray Perone,-8.5
2006-07,Florida Atlantic,W,105,52,Les Jones,Tim Nestor,Sean Hull,-32.5
2006-07,Asheville,W,93,62,Mike Wood,Dan Stryffeler,Raymond Styons,
2006-07,High Point,W,94,69,Manny Upton,Jerry Heater,Roger Ayers,
2006-07,Kentucky,W,75,63,Karl Hess,Ted Valentine,Tom Lopes,-10.5
2006-07,Ohio State,W,98,89,Bryan Kersey,Tony Greene,Les Jones,-8.5
2006-07,Tennessee,W,101,87,Joe Lindsay,Jamie Luckie,Doug Shows,-9
2006-07,Gonzaga,L,74,82,Jim Burr,Ed Corbett,Mike Shepherd,-7.5
2006-07,Gardner Webb,W,103,50,Les Jones,Jerry Heater,Mark Schnur,
2006-07,Winthrop,W,73,66,Mike Kitts,Tom Lopes,Bernard Clinton,-11.5
2006-07,Sacred Heart,W,103,81,Doug Shows,J.B. Caldwell,Tim Clougherty,-34
2005-06,George Mason,L,60,65,Reggie Greenwood,Ted Hillary,Tom O'Neill,-6
2005-06,Murray State,W,69,65,Tom O'Neill,Mike Scyphers,Bill Vinovich,-10
2005-06,Boston College,L,82,85,Les Jones,Ray Natili,Mike Eades,-3.5
2005-06,UVA,W,79,67,Bryan Kersey,Duke Edsall,Bernard Clinton,-12
2005-06,Duke,W,83,76,Karl Hess,Ted Valentine,Ray Natili,7
2005-06,UVA,W,99,54,Gary Maxwell,Roger Ayers,Tim Nestor,-13
2005-06,Maryland,W,81,57,Reggie Greenwood,Tom Lopes,Brian Dorsey,-8.5
2005-06,NC State,W,95,71,Bryan Kersey,John Cahill,Les Jones,3
2005-06,Wake Forest,W,83,72,Mike Kitts,Mike Wood,Mike Stuart,-3.5
2005-06,Georgia Tech,W,82,75,Les Jones,Bernard Clinton,Roger Ayers,-11.5
2005-06,Miami,W,80,70,Jamie Luckie,Tony Greene,Tim Nestor,1
2005-06,Duke,L,83,87,Jamie Luckie,Jim Burr,Tim Higgins,5.5
2005-06,Clemson,W,76,61,Les Jones,Bryan Kersey,Jim Burr,-7.5
2005-06,Maryland,W,77,62,Karl Hess,Ed Corbett,Mike Kitts,4
2005-06,Arizona,W,86,69,Bruce Hicks,Mark Reischling,Mike Reed,-3.5
2005-06,Boston College,L,74,81,Gary Maxwell,Jamie Luckie,Mike Eades,-3
2005-06,Florida State,W,81,80,Les Jones,Karl Hess,Tim Higgins,3
2005-06,UVA,L,68,72,Karl Hess,Les Jones,Bernard Clinton,-3
2005-06,Miami,L,70,81,Gary Maxwell,Duke Edsall,Mike Wood,-10.5
2005-06,Virginia Tech,W,64,61,Ed Corbett,Ted Valentine,Tony Greene,-1
2005-06,NC State,W,82,69,Karl Hess,Jamie Luckie,Mike Wood,-2.5
2005-06,Davidson,W,82,58,Ray Natili,Curtis Blair,Mike Eades,-10.5
2005-06,Asheville,W,89,47,Ted Valentine,Tim Nestor,Roger Ayers,
2005-06,USC,L,59,74,Stanley Reynolds,Jim Giron,Martin Cota,-4.5
2005-06,Santa Clara,W,76,58,Jamie Luckie,Ray Natili,Bryan Kersey,-17.5
2005-06,Saint Louis,W,75,63,Bryan Kersey,Bernard Clinton,Mike Wood,-13.5
2005-06,Kentucky,W,83,79,Tony Greene,Karl Hess,Doug Sirmons,7
2005-06,Illinois,L,64,68,Jim Burr,Ray Natili,Karl Hess,-1
2005-06,UC Santa Barbara,W,83,66,Gary Maxwell,Mike Wood,Tim Nestor,-13.5
2005-06,Cleveland State,W,112,55,Gary Maxwell,Doug Sirmons,Dwayne Gladden,-18.5
2005-06,Gardner Webb,W,83,80,Les Jones,Tony Greene,Steve Gordon,
2004-05,Illinois,W,75,70,Ed Corbett,John Cahill,Verne Harris,-2
2004-05,Michigan State,W,87,71,Robert Donato,Reggie Greenwood,Randy McCall,-4.5
2004-05,Wisconsin,W,88,82,John Cahill,Richard Cartmell,Bruce Hicks,-9.5
2004-05,Villanova,W,67,66,Tom O'Neill,David Hall,Gerry Pollard,-11
2004-05,Iowa State,W,92,65,Scott Thornley,Eddie Jackson,Ted Hillary,-15.5
2004-05,Oakland,W,96,68,Ted Hillary,Mike Nance,Jim Stupin,-28
2004-05,Georgia Tech,L,75,78,Karl Hess,Bryan Kersey,Ray Natili,-8
2004-05,Clemson,W,88,81,Les Jones,Jamie Luckie,Tim Nestor,-16.5
2004-05,Duke,W,75,73,Larry Rose,Reggie Cofer,Gary Maxwell,-7.5
2004-05,Florida State,W,91,76,Bryan Kersey,Les Jones,Mike Kitts,-22
2004-05,Maryland,W,85,83,Karl Hess,Mike Wood,Ray Natili,-6.5
2004-05,NC State,W,81,71,Les Jones,Ed Corbett,Ted Valentine,-7
2004-05,Clemson,W,88,56,Mike Wood,Gary Maxwell,Mike Eades,-22.5
2004-05,UVA,W,85,61,Larry Rose,William Bush,Tim Nestor,-23
2004-05,Connecticut,W,77,70,Karl Hess,Bryan Kersey,Mike Kitts,-8
2004-05,Duke,L,70,71,Mike Wood,Les Jones,Bryan Kersey,-1.5
2004-05,Florida State,W,81,60,Duke Edsall,Steve Gordon,Tony Greene,-14
2004-05,NC State,W,95,71,Karl Hess,Reggie Cofer,Robert Donato,-16
2004-05,UVA,W,110,76,Duke Edsall,Ray Natili,Jamie Luckie,-14
2004-05,Miami,W,87,67,Duke Edsall,Steve Gordon,Roger Ayers,-21
2004-05,Clemson,W,77,58,Larry Rose,Bryan Kersey,Joe Lindsay,-12
2004-05,Wake Forest,L,82,95,Bernard Clinton,Karl Hess,Mike Wood,-2.5
2004-05,Georgia Tech,W,91,69,Larry Rose,Jamie Luckie,Robert Donato,-11
2004-05,Maryland,W,109,75,Larry Rose,Reggie Cofer,Ted Valentine,-11.5
2004-05,William & Mary,W,105,66,Duke Edsall,Emanuel Upton,Frank Raposo,-40.5
2004-05,Cleveland State,W,107,64,Ray Natili,Sean Hull,Raymond Styons,-32
2004-05,UNC-Wilmington,W,96,75,Duke Edsall,Mike Eades,Alan Spainhour,-31
2004-05,Vermont,W,93,65,Robert Donato,Roger Ayers,Dwayne Gladden,
2004-05,Virginia Tech,W,85,51,Karl Hess,Edwin Edsall,Bryan Kersey,-14.5
2004-05,Loyola Chicago,W,109,60,Reggie Cofer,Tony Greene,David Guthrie,-29
2004-05,Kentucky,W,91,78,Karl Hess,Les Jones,Tony Greene,-8.5
2004-05,Indiana,W,70,63,Jim Burr,Donnee Gray,Tim Higgins,-13
2004-05,USC,W,97,65,Mike Wood,Gary Maxwell,Reggie Cofer,-17.5
2004-05,Iowa,W,106,92,Robert Donato,Tony Greene,Verne Harris,-11
2004-05,Tennessee,W,94,81,Verne Harris,Mike Eades,Pat Evans,-10
2004-05,BYU,W,86,50,Robert Donato,Craig Peterson,J.D. Collins,-13
2004-05,Santa Clara,L,66,77,David Libbey,Mike Irving,Verne Harris,-13
2003-04,Texas,L,75,78,John Cahill,Donnee Gray,Rob Staffen,-1
2003-04,Air Force,W,63,52,John Cahill,Robert Adams,John Caldwell,-8.5
2003-04,Georgia Tech,L,82,83,Duke Edsall,Les Jones,Jamie Luckie,-1.5
2003-04,Duke,L,65,70,Mike Wood,Gary Maxwell,Reggie Cofer,9.5
2003-04,Clemson,W,69,53,Mike Kitts,Duke Edsall,Larry Rose,-17.5
2003-04,NC State,W,71,64,Mike Stuart,Bryan Kersey,Robert Donato,4
2003-04,UVA,L,72,74,Karl Hess,Ted Valentine,Bernard Clinton,-5.5
2003-04,Florida State,W,78,71,Mike Wood,Gary Maxwell,Steve Gordon,-11.5
2003-04,Maryland,W,97,86,Mike Stuart,Jamie Luckie,Reggie Cofer,-8
2003-04,Georgia Tech,L,77,88,Karl Hess,Ray Natili,Mike Eades,4.5
2003-04,Wake Forest,W,79,73,Reggie Cofer,Jamie Luckie,Mike Wood,3.5
2003-04,Duke,L,81,83,Karl Hess,Bryan Kersey,Duke Edsall,3.5
2003-04,Clemson,L,72,81,Ted Valentine,Ray Natili,Les Jones,-8.5
2003-04,NC State,W,68,66,Mike Wood,Robert Donato,William Bush,-9
2003-04,UVA,W,96,77,Jamie Luckie,Les Jones,Larry Rose,-15.5
2003-04,Florida State,L,81,90,Ted Valentine,John Cahill,Roger Ayers,-4
2003-04,Connecticut,W,86,83,Karl Hess,Robert Donato,Les Jones,-2
2003-04,Maryland,L,84,90,Duke Edsall,Mike Wood,Bryan Kersey,2
2003-04,Georgia Tech,W,103,88,Ed Corbett,Mike Kitts,Steve Gordon,-4.5
2003-04,Miami,W,89,64,Bryan Kersey,Lee Jones,Tom Lopes,-17
2003-04,Kentucky,L,56,61,John Clougherty,Tom Lopes,Tom Eades,5
2003-04,Coastal Carolina,W,105,72,Jamie Luckie,Alan Spainhour,Sean Hull,
2003-04,UNC-Wilmington,W,71,54,Mike Wood,Duke Edsall,Reggie Cofer,-14
2003-04,Wake Forest,L,114,119,Jamie Luckie,Duke Edsall,Reggie Cofer,-4
2003-04,Akron,W,64,53,Ted Valentine,Ray Natili,Robert Donato,-20
2003-04,George Mason,W,115,81,Les Jones,Larry Rose,Steve Gordon,-14.5
2003-04,Illinois,W,88,81,Reggie Cofer,Jamie Luckie,Bryan Kersey,-2
2003-04,Cleveland State,W,82,76,Gary Maxwell,Everett Summers,Sean Carpenter,-16
2003-04,Davidson,W,91,68,Mike Wood,Tim Nestor,Mike Eades,-17.5
2003-04,Old Dominion,W,90,64,Karl Hess,Mike Eades,Jerry Heater,-20